0.82,0.70
-0.14,-0.58
0.13,0.36
-0.99,-0.92
0.07,0.27
0.02,0.37
0.21,-0.48
-0.24,-0.03
-0.63,-0.45
0.62,0.09
-0.45,-0.28
-0.26,-0.10
-0.70,-0.62
-0.55,-0.53
0.18,0.02
-0.65,-0.58
-0.03,-0.21
-0.86,-0.34
-0.47,-0.55
-0.33,-0.30
-0.69,-0.67
1.00,0.85
-0.68,-0.62
-0.14,-0.06
-0.27,-0.20
-0.34,-0.16
-0.59,-0.38
-0.88,-0.82
-0.44,-0.38
-0.53,-0.50
-0.37,-0.54
1.00,0.79
-0.09,-0.19
0.26,0.42
0.26,0.09
-0.51,-0.39
0.39,-0.40
-0.36,-0.47
-0.42,-0.08
-0.71,-0.69
0.15,0.02
-0.42,-0.26
-0.63,0.80
0.74,0.38
-0.61,-0.59
-0.75,-0.69
0.19,0.31
-0.77,-0.63
-0.61,-0.50
-0.51,-0.45
-0.43,-0.25
-0.44,-0.68
-0.69,-0.59
0.92,0.42
-0.73,-0.57
-0.46,-0.50
-0.54,-0.43
-0.77,-0.76
0.44,-0.10
-0.31,-0.41
0.27,0.52
0.03,-0.20
-0.10,-0.18
-0.19,-0.20
0.17,0.07
0.31,0.05
-0.56,-0.59
-0.71,-0.49
-0.27,-0.23
0.21,0.34
-0.38,-0.28
-0.70,-0.72
-0.39,-0.25
0.79,0.31
-0.89,-0.93
-0.90,-0.99
0.24,0.29
0.02,-0.05
-0.48,-0.27
-0.59,-0.33
-0.76,-0.70
-0.63,-0.57
-0.00,-0.25
-0.76,-0.65
-0.45,-0.26
-0.33,-0.41
-0.22,-0.26
-0.93,-0.91
0.39,0.54
1.00,0.92
0.39,0.38
0.56,-0.10
-0.41,-0.35
0.49,0.41
-0.67,-0.69
-0.94,-0.87
-0.72,-0.60
0.05,-0.05
0.71,0.70
-0.64,-0.58
0.00,0.20
-0.13,-0.15
-0.70,-0.46
0.09,0.46
0.06,-0.41
-0.48,0.17
-0.40,-0.20
-0.27,-0.13
-0.83,-0.65
0.44,0.59
-0.50,-0.40
0.66,0.73
0.23,-0.08
-0.01,-0.24
0.63,-0.11
0.15,-0.12
0.34,0.17
-0.93,-0.65
-0.28,-0.19
-0.49,-0.52
-0.59,-0.51
0.02,0.41
-0.55,0.03
0.09,0.20
-0.24,0.06
-0.47,-0.47
-0.57,-0.41
0.94,0.85
-0.60,-0.48
0.76,0.55
-0.53,-0.40
-0.18,-0.25
-0.47,-0.31
-0.49,-0.52
0.48,0.60
-0.89,-0.89
1.00,0.00
-0.10,0.36
-0.24,-0.56
-0.20,-0.14
0.32,0.63
-0.64,-0.62
-0.71,-0.55
-0.96,-0.91
-0.38,-0.27
1.00,0.41
-0.28,-0.14
0.65,-0.09
-0.46,-0.58
0.55,0.42
1.00,0.80
1.00,0.78
1.00,0.67
-0.40,0.01
0.26,0.17
0.63,0.53
-0.21,-0.28
0.38,0.15
1.00,0.63
-0.37,-0.27
-0.18,0.01
0.18,0.44
0.85,-0.02
0.45,0.64
-0.49,-0.30
-0.39,-0.47
-0.55,-0.34
-0.35,-0.62
-0.44,-0.48
0.03,0.06
-0.39,-0.62
-0.73,-0.68
-0.77,-0.66
0.58,0.53
0.14,0.30
0.03,-0.13
-0.06,-0.07
0.48,0.03
-0.74,-0.65
-0.55,-0.51
0.53,0.50
-0.40,-0.38
-0.50,-0.70
-0.90,-0.83
-0.31,-0.47
-0.82,-0.45
-0.03,0.45
-0.57,-0.46
1.00,0.75
-0.21,0.32
-0.13,-0.28
-0.02,0.08
-0.38,-0.39
-0.69,-0.61
-0.18,0.03
-0.14,0.11
-0.94,-0.69
-0.73,-0.58
0.09,0.27
-0.28,-0.26
0.46,0.17
-0.77,-0.61
0.31,0.49
-0.36,-0.17
-0.04,-0.16
1.00,-0.15
1.00,0.99
-0.33,-0.35
-0.85,-0.73
-0.51,-0.39
-0.53,-0.48
0.39,0.28
0.58,0.45
0.12,0.05
-0.16,-0.06
-0.49,-0.43
-0.43,-0.36
0.08,-0.22
0.24,-0.15
-0.92,-0.75
-0.04,-0.34
-0.76,-0.61
-0.05,-0.05
-0.92,-0.86
-0.12,-0.20
-0.45,-0.18
-0.77,-0.70
-0.84,-0.66
-0.37,-0.24
-0.56,-0.48
-0.44,-0.42
-0.20,-0.22
-0.08,-0.27
-0.84,-0.68
-0.18,-0.33
-0.84,-0.82
0.21,0.07
0.47,0.54
1.00,0.03
-0.10,-0.10
-0.60,-0.61
0.59,-0.15
-0.44,-0.52
-0.44,-0.55
0.03,0.10
0.24,0.32
0.11,0.01
-0.78,-0.77
-0.26,-0.22
-0.66,-0.65
-0.66,-0.58
-0.91,-0.96
-0.22,0.08
-0.33,-0.33
0.56,-0.19
-0.39,-0.24
0.93,0.42
-0.23,0.17
-0.39,-0.69
0.07,-0.10
-0.22,0.17
-0.73,-0.60
-0.69,-0.64
-0.61,-0.64
0.14,0.38
0.05,-0.69
-0.06,0.04
-0.61,-0.67
-0.29,-0.29
-0.86,-0.96
1.00,0.72
-0.79,-0.30
0.25,0.50
-0.47,-0.34
-0.41,-0.29
0.41,0.21
1.00,0.33
-0.37,-0.41
0.42,0.33
-0.24,-0.04
-0.01,-0.01
-0.15,-0.20
-0.42,-0.03
0.11,0.02
-0.26,-0.24
-0.76,-0.66
0.27,0.28
-0.33,-0.11
-0.34,-0.09
-0.22,-0.10
-0.84,-0.72
0.17,0.05
0.21,-0.05
0.48,-0.02
-0.33,-0.12
0.30,0.31
0.57,0.29
0.22,0.05
-0.87,-0.85
-0.69,-0.46
-0.64,-0.63
-0.26,0.04
-0.12,-0.25
0.10,-0.11
-0.14,-0.26
-0.76,-0.77
-0.05,0.17
-0.28,-0.21
-0.25,-0.46
0.56,0.58
-0.11,-0.46
-0.54,-0.19
0.07,-0.09
-0.25,-0.17
-0.63,-0.48
-0.14,0.01
-0.09,-0.10
-0.02,-0.08
-0.47,-0.50
-0.43,-0.18
-0.92,-0.91
-0.34,-0.17
-0.50,-0.65
-0.83,-0.68
0.07,-0.19
-0.38,-0.30
0.72,0.41
-0.29,-0.06
-0.50,-0.43
-0.46,-0.42
-0.81,-0.70
-0.99,-0.82
1.00,0.73
-0.21,-0.23
-0.08,-0.33
-0.10,-0.05
-0.51,-0.27
-0.18,-0.28
0.25,0.28
-0.72,-0.53
-0.29,-0.37
1.00,0.92
-0.96,-0.95
-0.38,-0.37
-0.73,-0.70
1.00,0.28
-0.72,-0.52
-0.24,-0.45
-0.69,-0.52
-0.34,-0.65
0.73,0.58
-0.79,-0.73
1.00,0.97
0.35,-0.14
-0.57,-0.28
-0.04,0.14
-0.37,-0.27
-0.96,-0.83
-0.95,-0.93
-0.31,-0.31
-0.57,-0.74
-0.45,-0.45
0.48,0.78
0.22,0.05
-0.31,0.01
-0.33,-0.45
-0.35,-0.25
-0.45,-0.40
-0.25,-0.32
-0.34,-0.31
-0.10,0.28
-0.71,-0.62
0.10,-0.09
0.63,0.76
-0.23,-0.09
0.29,0.08
-0.11,0.17
-0.96,-1.05
0.52,0.62
-0.23,-0.44
-0.52,-0.57
-0.22,0.03
-0.85,-0.68
-0.76,-0.40
0.17,-0.18
0.57,-0.03
0.52,0.27
-0.10,-0.05
0.07,-0.16
1.00,0.71
-0.15,-0.17
1.00,1.09
0.86,0.10
-0.95,-0.69
-0.78,-0.66
-0.61,-0.58
0.83,0.59
0.87,0.11
0.37,0.41
0.52,0.59
-0.38,-0.29
-0.58,-0.27
-0.77,-0.66
1.00,0.54
-0.16,0.20
-0.28,0.33
1.00,0.97
0.24,0.38
0.29,0.19
-0.59,-0.62
-0.70,-0.42
0.31,0.48
-0.58,-0.71
-0.50,-0.37
-0.53,-0.48
-0.59,-0.90
0.49,0.49
-0.51,-0.43
0.00,-0.15
-0.24,-0.17
-0.16,-0.17
-0.79,-0.77
-0.84,-0.89
-0.60,-0.50
-0.01,0.04
0.76,-0.35
-0.85,-0.67
-0.07,-0.19
-0.70,-0.55
0.23,0.46
-0.19,0.10
0.66,0.27
-0.29,-0.44
1.00,0.99
-0.37,-0.27
-0.12,0.02
-0.45,-0.63
0.02,0.17
-0.24,-0.17
-0.52,-0.35
-0.98,-0.90
0.07,-0.27
0.22,0.26
0.95,0.77
-0.17,-0.25
-0.63,-0.55
-0.31,-0.39
-0.18,-0.30
-0.54,-0.35
-0.42,-0.32
-0.81,-0.16
-0.65,-0.58
0.63,0.79
-0.44,-0.31
-0.39,-0.35
-0.24,-0.42
0.32,0.17
-0.53,-0.62
-0.47,0.13
-0.05,-0.21
0.51,0.31
-0.20,-0.24
-0.57,-0.61
0.48,0.15
0.41,0.17
0.09,0.17
-0.18,-0.15
0.25,0.34
-0.71,-0.76
-0.74,-0.67
-0.65,-0.41
0.81,0.72
-0.38,-0.18
-0.17,-0.21
-0.13,0.23
-0.03,-0.07
-0.76,-0.69
1.00,1.02
0.06,-0.25
-0.35,-0.10
-0.41,-0.42
0.12,-0.42
0.94,0.92
-0.78,-0.57
0.00,-0.09
-0.79,-0.62
0.60,0.49
-0.34,-0.29
-0.37,-0.51
-0.72,-0.51
0.63,0.56
-0.26,-0.23
-0.58,-0.18
0.01,0.17
0.09,0.20
-0.85,-0.67
-0.97,-0.83
0.24,0.17
-0.11,0.09
-0.51,-0.55
-0.21,-0.06
0.10,0.02
-0.33,0.07
-0.65,-0.60
0.70,0.91
0.57,0.67
1.00,0.89
-0.51,-0.55
-0.52,-0.13
-0.88,-0.72
-0.40,-0.49
-0.24,-0.22
-0.34,-0.46
-0.77,-0.70
0.80,0.33
-0.03,-0.07
0.95,-0.34
-0.68,-0.68
-0.87,-0.80
-0.31,-0.14
-0.54,-0.55
-0.65,-0.51
-0.85,-0.70
-0.37,-0.29
-0.41,-0.27
-0.22,0.05
-0.36,-0.30
-0.31,-0.40
0.66,0.51
-0.69,-0.66
0.00,-0.16
0.30,0.49
-0.91,-0.70
-0.66,-0.50
1.00,0.89
-0.54,-0.62
0.23,0.55
-0.60,-0.49
-0.47,-0.22
-0.78,-0.53
0.19,-0.18
-0.31,0.36
0.28,0.40
-0.88,-0.62
0.14,-0.35
-0.63,-0.46
-0.28,-0.54
-0.81,-0.70
1.00,0.90
0.11,0.64
-0.84,-0.77
-0.41,-0.22
-0.67,-0.68
-0.76,-0.12
0.08,-0.37
1.00,0.08
0.39,-0.37
1.00,0.98
-0.17,-0.36
0.30,0.31
-0.71,-0.70
-0.48,-0.21
0.07,-0.04
-0.46,-0.61
-0.30,-0.20
-0.71,-0.29
0.05,0.62
-0.27,-0.50
0.95,0.88
1.00,0.81
0.09,0.09
-0.87,-0.64
-0.74,-0.69
0.02,-0.03
-0.52,-0.31
0.03,-0.12
-0.89,-0.85
0.07,0.02
-0.34,0.07
0.47,-0.23
0.55,0.56
-0.39,-0.17
-0.41,-0.04
0.45,0.55
-0.57,-0.62
0.21,0.32
0.86,-0.08
-0.36,-0.37
-0.84,-0.85
0.00,0.33
0.47,0.49
-0.92,-0.97
-0.38,-0.28
-0.37,-0.24
0.07,0.11
-0.55,-0.03
0.03,0.03
-0.37,-0.43
-0.58,-0.55
-0.05,-0.25
1.00,0.94
-0.43,-0.59
-0.49,-0.55
-0.13,-0.09
0.20,0.04
0.74,0.71
0.00,-0.04
-0.39,-0.11
-0.12,-0.12
-0.89,-0.66
-0.51,-0.15
-1.00,-0.74
-0.24,-0.22
-0.13,0.18
-0.73,-0.63
0.49,0.46
0.89,0.70
-0.97,-0.90
0.59,0.48
0.25,0.03
-0.46,-0.41
0.72,0.26
-0.28,-0.44
-0.17,-0.47
-0.67,-0.53
0.56,0.04
-0.61,-0.54
0.12,-0.13
-0.89,-0.76
-0.21,-0.19
-0.25,-0.12
0.10,0.09
-0.71,-0.73
-0.22,-0.26
-0.61,-0.40
-0.58,-0.16
-0.05,0.17
-0.62,-0.20
1.00,0.43
-0.71,-0.60
-0.26,-0.26
-0.19,-0.31
0.01,-0.14
-0.58,-0.41
-0.23,-0.38
-0.36,-0.18
-0.77,-0.66
-0.49,-0.51
-0.26,0.19
-0.72,-0.65
0.18,-0.51
0.21,0.17
-0.64,-0.41
0.09,0.06
-0.45,-0.45
0.12,-0.26
0.07,-0.09
-0.66,-0.41
-0.21,-0.28
0.80,0.85
0.36,0.40
-0.80,-0.30
1.00,0.95
0.57,0.72
0.68,-0.37
-0.28,-0.04
0.92,0.31
-0.39,-0.49
0.50,0.72
-0.97,-0.65
-0.56,-0.57
-0.47,-0.53
-0.85,-0.79
0.04,0.22
-0.38,-0.23
0.09,0.17
-0.46,-0.45
-0.32,-0.21
0.60,0.68
-0.98,-0.89
-0.77,-0.71
0.54,-0.02
0.55,0.48
-0.22,-0.18
-0.43,-0.55
-0.25,-0.02
-0.37,-0.44
-0.99,-0.83
0.56,0.11
0.25,0.38
-0.56,-0.54
0.07,0.22
-0.74,-0.41
0.27,0.33
-0.35,-0.51
0.30,0.60
-0.39,-0.24
-0.86,-0.86
0.54,0.50
1.00,0.71
-0.34,0.05
-0.47,-0.26
-0.88,-0.73
-0.57,-0.35
0.06,0.30
-0.61,-0.50
-0.14,0.19
-0.10,-0.39
-0.36,-0.06
-0.19,-0.39
-0.05,-0.22
-0.20,-0.33
-0.78,-0.64
-0.21,0.20
0.18,-0.45
-0.26,-0.66
-0.33,-0.39
-0.72,-0.73
-0.27,-0.39
-0.78,-0.88
-0.28,-0.30
-0.49,-0.38
-0.52,-0.48
-0.98,-0.89
-0.07,0.17
0.49,0.48
-0.70,-0.61
1.00,0.69
-0.44,-0.38
0.69,0.51
0.27,0.05
0.50,0.38
0.81,0.81
-0.84,-0.75
0.97,0.49
-0.72,-0.56
-0.37,-0.31
-0.08,-0.37
-0.25,-0.34
0.45,0.57
-0.79,-0.64
-0.77,-0.65
-0.98,-1.01
-0.64,-0.68
-0.08,-0.28
-0.32,-0.42
0.05,0.10
0.24,0.39
-0.36,-0.09
-0.38,-0.41
-0.53,-0.31
-0.31,-0.46
0.20,-0.02
-0.15,-0.10
-0.36,-0.25
-0.33,-0.27
-0.39,-0.51
-0.15,-0.03
-0.63,-0.22
-0.42,-0.59
1.00,0.64
0.52,0.48
-0.19,-0.27
-0.65,-0.61
-0.78,-0.84
-0.23,0.01
0.23,0.40
-0.71,-0.67
-0.37,-0.41
0.33,0.18
-0.76,-0.39
-0.58,-0.45
-0.73,-0.55
-0.63,-0.45
-0.79,-0.74
-0.77,-0.63
-0.78,-0.57
-0.45,-0.25
-0.36,-0.17
-0.21,-0.27
0.04,-0.42
-0.07,-0.20
-0.63,-0.61
0.73,0.87
-0.39,-0.54
0.67,0.39
-0.51,-0.40
-0.42,-0.29
-0.20,-0.48
-0.79,-0.68
-0.03,-0.32
-0.86,-0.53
-0.02,-0.26
-0.01,-0.17
-0.10,-0.19
-0.12,-0.23
-0.83,-0.70
-0.90,-0.95
-0.78,-0.67
-0.20,-0.30
-0.74,-0.57
-0.69,-0.46
-0.14,0.11
-0.41,-0.28
0.70,0.63
0.68,0.00
-0.37,-0.26
0.23,0.20
-0.67,-0.74
-0.72,-0.63
-0.60,-0.56
-0.75,-0.71
-0.73,-0.43
-0.72,-0.55
-0.91,-0.72
1.00,0.50
-0.63,-0.47
0.28,-0.15
-0.07,-0.22
-0.42,-0.02
-0.73,-0.64
-0.61,-0.53
-0.74,-0.65
-0.80,-0.65
-0.43,-0.47
-0.84,-0.87
-0.06,-0.21
0.29,0.37
-0.39,-0.41
-0.23,-0.06
-0.67,-0.76
-0.06,-0.41
-0.40,-0.33
-0.34,-0.00
-0.93,-0.92
0.27,0.14
1.00,0.89
-0.31,-0.28
-0.77,-0.66
0.81,0.02
-0.52,-0.31
0.71,0.49
0.25,0.24
-0.18,-0.55
-0.94,-0.87
0.03,0.30
0.15,0.11
-0.17,-0.17
0.23,0.30
-0.73,-0.64
-0.91,-0.89
-0.26,-0.29
-0.82,-0.71
0.03,-0.46
-0.46,-0.43
-0.07,0.54
-0.63,-0.52
-0.58,-0.50
0.54,0.67
0.04,0.17
-0.82,-0.73
-0.99,0.29
-0.63,-0.45
1.00,0.96
0.17,0.52
-0.10,0.17
-0.50,-0.50
-0.83,-0.71
0.72,0.59
0.21,0.25
-0.21,0.14
-0.31,0.10
-0.06,0.17
-0.34,-0.04
0.39,0.32
-0.47,-0.50
-0.36,-0.39
0.05,-0.38
-0.54,-0.49
-0.31,-0.17
-0.23,-0.11
-0.85,-0.79
-0.12,-0.25
0.25,-0.15
0.70,0.06
-0.17,-0.55
-0.28,-0.48
-0.08,-0.19
-0.35,-0.59
0.55,0.38
-0.74,-0.35
-0.65,-0.40
0.35,0.29
-0.73,-0.14
0.07,0.19
-0.46,-0.42
-0.50,-0.61
-0.44,-0.24
-0.55,-0.73
-0.19,-0.41
0.21,0.37
-0.28,-0.49
-0.20,-0.24
0.14,0.44
-0.97,-0.80
-0.45,-0.46
-0.54,-0.49
-0.55,0.06
-0.74,-0.69
0.90,0.13
-0.82,-0.66
-0.35,-0.36
0.00,-0.04
0.07,0.03
0.65,0.67
1.00,0.97
-0.93,-0.93
0.63,0.58
-0.79,-0.80
-0.39,-0.12
-0.40,-0.49
-0.90,-0.84
-0.60,-0.50
-0.70,-0.43
1.00,0.89
-0.08,0.02
-0.08,-0.30
-0.25,-0.06
-0.18,-0.25
-0.67,-0.61
-0.37,-0.36
-0.12,-0.05
-0.05,-0.14
-0.26,-0.23
0.30,0.39
-0.31,-0.13
1.00,0.96
-0.35,-0.24
0.68,0.15
-0.37,-0.54
-0.66,-0.54
-0.11,-0.17
0.06,0.05
1.00,0.26
-0.32,-0.42
1.00,0.51
0.21,0.54
-0.27,-0.02
-0.94,-0.78
-0.32,-0.25
-0.19,0.02
0.40,0.29
-0.00,0.47
-0.31,-0.60
1.00,0.62
0.92,0.44
1.00,0.19
-0.91,-0.70
-0.37,-0.49
-0.91,-0.90
-0.11,-0.03
-0.69,-0.65
-0.61,-0.38
-0.86,-0.74
-0.73,-0.61
-0.52,-0.44
-0.76,-0.61
0.29,0.19
-0.64,-0.48
-0.41,-0.38
0.19,0.38
-0.43,-0.34
-0.98,-0.68
-0.59,-0.66
-0.73,-0.58
1.00,0.86
-0.54,-0.48
-0.45,-0.36
1.00,1.01
-0.30,-0.61
-0.13,-0.13
-0.65,-0.48
-0.13,-0.14
-0.86,-0.79
0.18,-0.12
-0.60,-0.58
-0.15,-0.17
-0.80,-0.62
-0.40,-0.41
0.07,-0.08
-0.26,-0.09
-0.12,-0.22
-0.52,-0.42
0.64,0.50
-0.85,-0.72
0.21,0.25
-0.59,-0.42
-0.07,0.17
-0.54,-0.46
0.69,0.59
-0.27,-0.22
0.78,0.52
-0.61,-0.59
-0.36,-0.59
0.27,0.50
0.81,0.71
0.55,0.54
-0.47,-0.44
-0.85,-0.67
-0.44,-0.30
0.03,-0.23
-0.16,-0.16
-0.23,0.10
-0.11,0.02
0.65,0.71
-0.12,-0.16
-0.49,-0.70
-0.60,-0.53
-0.03,-0.22
-0.79,-0.68
-0.66,-0.52
-0.02,0.23
0.20,0.30
-0.26,-0.33
-0.27,-0.45
-0.46,-0.54
-0.18,-0.23
0.49,0.32
-0.62,-0.38
1.00,0.92
-0.63,-0.86
0.02,0.05
0.30,0.30
1.00,0.94
0.82,-0.15
-0.78,-0.63
-0.66,-0.66
0.56,-0.42
0.24,0.03
-0.26,-0.10
-0.40,-0.45
-0.27,-0.25
-0.19,-0.22
-0.22,0.08
-0.17,-0.03
0.90,0.22
-0.42,-0.05
-0.84,-0.78
-0.24,-0.06
0.84,0.45
0.00,-0.03
1.00,1.03
0.12,-0.26
-0.72,-0.72
0.68,0.01
0.79,0.62
-0.05,0.08
-0.63,0.16
-0.26,-0.30
-0.02,0.23
-0.05,0.01
-0.04,-0.16
-0.36,-0.36
-0.93,-0.91
-0.64,-0.54
0.21,0.26
-0.45,-0.10
0.17,0.34
-0.62,-0.50
-0.62,-0.31
0.88,0.38
-0.20,-0.23
-0.11,-0.41
-0.90,-0.88
0.05,0.29
0.23,0.39
-0.01,-0.26
-0.68,-0.40
0.90,0.82
0.97,0.95
-0.43,-0.38
0.12,-0.00
-0.43,-0.10
0.20,0.20
-0.35,-0.33
1.00,1.05
0.59,0.17
0.94,0.78
0.98,0.77
-0.59,-0.49
1.00,0.48
1.00,0.94
-0.18,-0.11
0.26,-0.34
-0.84,-0.94
-0.34,0.05
-0.73,-0.66
-0.56,-0.23
0.03,0.17
-0.10,-0.36
0.14,-0.05
-0.88,-0.70
-0.77,-0.68
0.80,0.45
0.34,-0.19
0.24,0.21
1.00,0.89
-0.42,-0.30
-0.30,-0.29
1.00,0.83
-0.74,-0.82
0.88,0.49
-0.35,-0.63
-0.68,-0.66
-0.04,-0.10
-0.67,-0.46
-0.09,-0.02
0.14,-0.42
0.65,0.46
0.25,0.56
0.02,0.33
-0.05,0.01
-0.38,-0.36
-0.80,-0.55
1.00,0.71
0.60,0.65
-0.15,-0.44
-0.47,-0.16
-0.22,-0.17
-0.30,-0.34
-0.59,-0.43
-0.36,-0.30
-0.23,-0.54
-0.76,-0.75
-0.34,-0.07
-0.25,-0.20
0.27,0.22
-0.73,-0.66
-0.47,-0.40
-0.65,-0.47
-0.42,-0.31
-0.13,-0.50
0.56,0.31
0.06,0.16
-0.70,-0.69
-0.25,-0.31
-0.82,-0.70
-0.91,-0.69
-0.51,-0.30
0.64,-0.10
-1.00,-0.70
0.70,0.71
-0.42,-0.38
-0.84,-0.80
-0.46,-0.44
0.19,0.31
-0.17,-0.32
-0.63,-0.77
-0.78,-0.85
-0.60,-0.45
-0.84,-0.61
-0.32,-0.37
-0.62,-0.41
-0.86,-0.79
-0.73,-0.57
0.76,0.59
1.00,0.97
-0.09,0.23
-0.33,-0.25
-0.57,-0.62
-0.24,-0.32
1.00,0.96
-0.27,-0.19
1.00,0.22
-0.40,-0.33
-0.68,-0.54
0.89,0.44
0.38,0.37
-0.78,-0.67
-0.35,-0.37
-0.28,-0.23
-0.22,-0.09
0.04,-0.26
-0.85,-0.72
-0.75,-0.70
-0.52,-0.32
-0.39,-0.06
-0.94,-0.82
-0.77,-0.60
-0.36,-0.21
-0.03,-0.39
0.35,0.52
0.33,0.25
0.30,0.41
-0.51,-0.65
-0.87,-0.78
-0.60,-0.51
-0.42,-0.33
-0.53,-0.31
-0.92,-0.78
-0.64,-0.56
-0.13,-0.44
-0.67,-0.67
-0.56,-0.50
-0.39,-0.18
0.59,0.81
-0.47,-0.65
0.99,0.00
-0.60,-0.55
1.00,0.96
1.00,0.36
-0.28,-0.16
-0.49,-0.60
0.17,0.19
1.00,0.18
-0.62,-0.50
-0.59,-0.47
-0.41,-0.18
0.34,0.64
0.32,0.71
-0.47,-0.49
-0.32,-0.33
0.38,0.41
-0.57,-0.39
-0.43,-0.39
-0.27,-0.04
-0.41,-0.13
-0.55,-0.40
-0.60,-0.53
-0.83,-0.82
-0.04,-0.13
-0.38,-0.20
0.45,0.14
-0.35,-0.29
-0.45,-0.45
-0.30,-0.40
0.92,0.44
0.01,-0.06
-0.73,-0.74
-0.93,-0.86
-0.65,-0.69
-0.39,-0.39
0.10,0.71
0.65,0.47
-0.57,-0.66
0.38,0.76
-0.80,-0.56
0.33,0.14
-0.36,-0.28
-0.11,-0.78
0.99,0.76
0.48,-0.09
0.06,-0.04
-0.58,-0.48
-0.31,-0.37
0.08,-0.52
-0.35,-0.45
-0.56,-0.31
1.00,-0.05
0.28,-0.09
0.16,0.23
0.09,-0.13
-0.01,0.27
-0.86,-0.67
-0.09,-0.25
-0.43,-0.19
-0.27,-0.06
0.03,-0.06
-0.43,-0.27
-0.50,-0.51
0.33,-0.88
-0.06,0.06
0.24,0.17
0.45,0.36
-0.75,-0.51
-0.40,-0.11
-0.46,-0.34
-0.58,-0.52
-0.36,-0.44
0.02,-0.21
-0.51,-0.48
-0.15,-0.07
-0.09,-0.27
-0.38,-0.45
0.61,0.51
-0.60,-0.39
0.42,0.10
-0.65,-0.46
0.15,0.06
-0.79,-0.75
-0.73,-0.71
-0.05,-0.04
-0.24,-0.28
-0.88,-0.65
-0.35,-0.62
-0.72,-0.60
-0.56,-0.67
-0.57,-0.68
-0.76,-0.63
0.97,0.48
-0.31,-0.39
-0.19,-0.09
-0.43,-0.24
0.08,-0.20
-0.63,-0.50
-0.81,-0.78
-0.83,-0.85
-0.87,-0.92
-0.77,-0.61
1.00,0.87
-0.71,-0.61
-0.57,-0.78
-0.45,-0.32
0.22,0.17
-0.29,-0.23
0.72,0.09
-0.84,-0.83
-0.47,-0.45
-0.46,-0.71
0.43,0.17
-0.23,-0.20
-0.46,-0.11
-0.72,-0.71
-0.08,-0.14
-0.78,-0.71
-0.06,-0.26
-0.90,-0.84
-0.36,-0.20
-0.71,-0.72
0.24,0.27
-0.83,-0.61
0.03,-0.16
-0.56,-0.44
-0.79,-0.70
0.50,0.13
-0.13,0.41
-0.86,-0.86
-0.81,-0.69
-0.43,-0.42
0.61,0.59
-0.22,-0.15
-0.41,-0.43
-0.94,-0.76
-0.50,-0.40
-0.67,-0.70
-0.86,-0.30
0.49,-0.21
0.24,-0.22
-0.56,-0.65
-0.23,0.10
0.19,0.23
0.24,0.24
-0.09,0.11
-0.27,-0.04
0.02,-0.18
-0.61,-0.70
-0.31,-0.67
-0.57,-0.37
-0.82,-0.60
-0.78,-0.79
-0.65,-0.56
0.68,0.32
-0.46,-0.56
0.09,-0.07
-0.37,-0.47
0.61,0.55
-0.81,-0.64
-0.13,-0.25
-0.54,-0.61
-0.75,-0.63
0.44,0.51
-0.35,-0.41
0.10,-0.30
0.56,0.79
0.38,0.44
-0.64,-0.53
-0.53,-0.56
-0.37,-0.14
-0.73,-0.65
-0.86,-0.72
-0.09,-0.39
1.00,0.17
-0.25,-0.28
-0.38,-0.20
-0.63,-0.66
-0.20,-0.27
-0.67,-0.71
-0.61,-0.63
-0.94,-0.71
0.34,0.17
-0.50,-0.25
-0.51,-0.41
-0.03,-0.18
-0.20,-0.16
-0.41,-0.30
0.47,-0.01
-0.67,-0.65
0.08,-0.20
0.05,-0.23
0.37,0.17
-0.83,-0.90
-0.16,-0.28
-0.47,-0.13
-0.18,-0.05
0.50,-0.32
0.40,0.18
-0.05,-0.25
-0.05,0.05
1.00,0.83
0.02,0.10
-0.07,-0.20
-0.36,-0.28
0.16,-0.01
-0.36,-0.16
-0.21,-0.16
-0.53,-0.45
-0.09,-0.11
0.10,0.08
-0.50,-0.59
-0.61,-0.41
0.07,0.02
-0.05,-0.14
0.76,0.84
-0.43,-0.44
-0.53,-0.30
-0.28,-0.31
0.08,0.01
-0.66,-0.69
0.19,0.28
-0.59,-0.54
-0.22,-0.51
-0.15,-0.22
-0.90,-0.50
-0.85,-0.85
-0.64,-0.50
0.81,0.85
-0.75,-0.66
-0.92,-0.85
-0.42,-0.08
-0.48,-0.32
-0.86,-0.84
-0.71,-0.65
-0.68,-0.58
0.58,0.64
0.51,0.28
0.46,0.05
0.82,0.33
0.49,0.36
-0.36,-0.30
-0.48,-0.44
-0.14,-0.09
1.00,-0.03
0.11,-0.21
-0.36,0.06
0.70,0.64
-0.91,-0.83
-0.39,-0.29
-0.28,-0.40
-0.44,-0.53
-0.20,-0.31
1.00,0.51
0.03,0.40
0.91,0.81
0.96,0.87
-0.01,0.20
-0.64,-0.67
0.77,0.68
0.53,0.47
0.49,0.52
-0.44,-0.40
-0.47,-0.48
-0.15,-0.52
0.86,0.78
-0.40,0.02
-0.57,-0.50
-0.39,-0.55
-0.72,-0.61
-0.38,-0.24
-0.26,-0.39
-0.22,-0.44
1.00,0.78
0.39,0.20
-0.96,-0.76
-0.05,0.14
-0.53,-0.22
1.00,0.97
-0.28,-0.34
-0.38,-0.26
-0.18,0.05
-0.66,-0.52
-0.24,-0.29
0.52,0.20
-0.67,-0.64
0.06,0.38
-0.11,0.15
0.37,0.37
0.38,0.43
0.08,0.16
-0.93,-0.94
-0.38,-0.24
-0.57,-0.61
-0.71,-0.54
-0.77,-0.60
-0.12,-0.22
0.69,0.57
-0.38,-0.35
0.76,0.51
-0.41,-0.40
0.62,0.02
0.53,0.31
-0.55,-0.38
-0.47,-0.21
-0.02,0.13
-0.00,0.32
-0.90,-0.85
-0.96,-1.01
-0.29,-0.45
-0.61,-0.60
-0.78,-0.66
1.00,0.79
0.13,0.15
-0.63,-0.53
-0.93,0.02
-0.83,-0.83
-0.53,-0.42
-0.55,-0.33
-0.10,-0.02
0.41,0.28
-0.23,-0.22
1.00,-0.18
0.87,0.60
-0.77,-0.63
-0.24,-0.22
-0.47,-0.58
0.00,0.09
-0.51,-0.52
-0.75,-0.63
0.07,0.36
-0.59,-0.45
-0.17,-0.11
1.00,-0.22
0.05,0.05
-0.23,-0.48
-0.98,-0.76
-0.47,-0.58
-0.66,-0.58
0.78,0.56
-0.33,-0.27
0.85,0.74
-0.58,-0.32
-0.43,-0.29
-0.24,-0.29
-0.15,0.09
-0.71,-0.57
-0.86,-0.82
-0.91,-0.65
-0.96,-0.92
-0.73,-0.60
-1.00,-0.42
0.97,0.83
-0.55,-0.61
-0.02,-0.32
0.65,0.53
0.39,0.11
0.13,0.15
0.37,0.06
-0.69,-0.62
-0.43,-0.55
0.21,0.20
0.04,-0.19
-0.98,-0.92
-0.56,-0.35
-0.32,-0.09
-0.22,-0.31
-0.93,-0.87
0.05,0.30
-0.54,-0.57
0.44,0.10
-0.85,-0.71
-0.87,-0.83
1.00,0.83
-0.49,-0.55
-0.49,-0.45
-0.28,-0.15
0.16,0.08
-0.35,-0.08
-0.38,-0.19
-0.93,-0.86
-0.71,-0.61
-0.43,-0.40
-0.51,-0.34
-0.94,-0.87
0.24,0.18
-0.39,-0.18
0.06,0.13
-0.27,-0.16
-0.47,-0.37
0.34,0.53
0.00,-0.06
0.14,-0.36
0.37,0.16
-0.65,-0.38
0.11,0.33
-0.51,-0.28
0.11,0.20
-0.39,-0.41
-0.28,-0.30
0.19,0.11
-0.01,0.04
0.99,0.40
-0.95,-0.84
-0.29,-0.37
-0.27,-0.16
-0.21,0.03
-0.82,-0.77
0.16,0.30
0.01,-0.12
-0.66,-0.71
-0.37,-0.34
0.55,0.32
-0.23,-0.12
-0.54,-0.49
-0.73,-0.59
1.00,0.58
-0.77,-0.60
-0.30,-0.23
-0.85,-0.77
-0.06,-0.07
-0.74,-0.44
-0.91,-0.84
-0.10,-0.15
0.04,-0.04
-0.19,-0.28
-0.55,-0.42
0.43,0.51
0.75,0.52
-0.05,-0.37
-0.78,-0.57
-0.83,-0.66
0.14,-0.02
0.92,0.13
-0.32,-0.16
0.14,-0.04
0.48,0.31
1.00,0.97
-0.64,-0.35
-0.80,-0.62
-0.62,-0.52
0.59,0.81
0.71,0.32
-0.79,-0.65
-0.96,-0.90
1.00,0.87
-0.17,-0.21
0.45,0.52
-0.53,-0.27
-0.05,0.18
0.83,-0.13
-0.58,-0.48
0.49,0.46
0.34,0.12
0.56,0.27
0.34,0.00
-0.32,-0.28
-0.30,-0.07
0.29,0.38
1.00,0.64
-0.04,-0.33
0.30,0.58
0.33,0.17
-0.17,0.03
0.21,0.24
1.00,0.86
-0.26,-0.18
-0.71,-0.53
0.25,0.64
0.31,0.13
-0.26,-0.35
-0.25,-0.21
-0.63,-0.53
-0.41,-0.45
0.26,0.32
-0.84,-0.74
0.05,-0.25
0.89,0.63
0.57,0.02
0.64,0.76
-0.91,-0.76
-0.43,-0.28
-0.62,-0.66
-0.42,-0.37
-0.11,-0.64
0.65,0.63
-0.30,-0.07
0.20,-0.05
-0.48,-0.40
-0.05,-0.60
-0.39,-0.44
-0.85,-0.81
-0.81,-0.60
0.41,-0.02
-0.27,-0.38
0.08,-0.12
0.06,0.34
0.03,-0.02
0.05,0.30
-0.54,-0.55
-0.29,-0.47
-0.54,-0.38
0.63,0.90
-0.06,-0.08
-0.55,-0.17
-0.70,-0.70
1.00,1.02
-0.39,-0.29
0.36,0.37
0.53,0.28
-0.51,-0.18
-0.66,-0.30
-0.24,-0.24
-0.80,-0.74
-0.37,-0.48
-0.92,-0.94
-0.74,-0.63
-0.92,-0.78
-0.59,-0.37
-0.38,-0.26
0.10,0.24
-0.85,-0.64
-0.31,-0.21
-0.03,-0.14
-0.40,0.11
-0.51,-0.51
-0.75,-0.60
-0.81,-0.75
-0.23,-0.29
1.00,0.51
0.62,0.28
0.28,0.22
-0.19,0.30
-0.16,-0.31
0.21,0.04
-0.93,-0.39
-0.17,-0.26
-0.51,-0.45
1.00,0.86
-0.38,-0.35
-0.20,0.02
-0.27,-0.27
-0.70,-0.58
1.00,1.05
-0.46,-0.43
-0.30,-0.05
0.09,0.59
0.17,-0.06
-0.48,-0.60
-0.11,-0.13
0.86,0.52
-0.54,-0.68
-0.01,-0.12
-0.90,-0.91
-0.86,-0.38
-0.51,-0.49
-0.93,-0.91
0.11,0.17
0.02,0.01
-0.57,-0.71
-0.94,-0.93
-0.17,-0.08
1.00,0.26
0.28,-0.27
-0.14,-0.21
-0.26,-0.27
-0.75,-0.48
0.72,0.44
0.16,0.12
0.86,0.08
-0.46,-0.45
0.55,0.17
-0.18,-0.57
1.00,0.51
0.06,0.11
-0.86,-0.87
-0.11,-0.04
0.83,0.72
0.18,0.01
0.90,0.20
-0.61,-0.42
1.00,0.70
-0.42,-0.14
0.05,-0.33
-0.72,-0.45
0.63,-0.01
-0.51,-0.39
-0.72,-0.47
1.00,0.79
0.07,-0.07
0.16,0.03
0.09,0.34
-0.33,-0.26
-0.04,0.08
-0.90,-0.70
0.73,0.04
1.00,0.44
-0.24,-0.20
-0.80,-0.85
-0.14,0.13
-0.43,-0.49
-0.98,-0.90
-0.61,-0.36
-0.34,-0.27
-0.36,-0.50
0.03,0.17
0.47,0.66
-0.51,-0.51
-0.78,-0.83
-0.14,0.02
0.88,0.54
-0.04,0.23
0.00,0.11
0.29,0.51
-0.47,-0.40
1.00,0.79
-0.39,-0.45
0.27,-0.19
-0.82,-0.72
-0.40,-0.33
0.00,-0.16
-0.58,-0.79
-0.08,-0.52
-0.25,-0.29
-0.41,-0.47
-0.39,-0.42
1.00,0.86
-0.78,-0.63
0.47,0.20
0.31,0.22
0.64,0.17
-0.26,-0.13
1.00,0.57
-0.41,-0.37
0.36,0.13
0.68,-0.43
0.14,0.61
-0.58,-0.39
-0.71,-0.62
-0.12,-0.18
-0.24,0.11
-0.35,-0.25
-0.41,0.07
-0.05,0.12
0.57,0.79
-0.53,-0.49
1.00,0.64
-0.77,-0.75
-0.90,-0.88
-0.39,-0.24
0.90,0.52
-0.76,-0.76
-0.62,-0.63
-0.70,-0.69
0.13,-0.04
-0.73,-0.73
-0.48,-0.51
0.44,0.48
-0.78,-0.62
-0.49,-0.31
0.13,-0.14
0.12,-0.13
0.45,0.31
0.37,0.38
-0.22,0.17
0.06,0.30
-0.62,-0.55
-0.56,-0.51
1.00,0.95
0.29,0.16
-0.95,-0.90
-0.56,-0.48
-0.56,-0.53
-0.34,-0.35
-0.26,-0.20
0.45,0.45
0.02,-0.05
-0.09,-0.14
-0.17,-0.16
-0.63,-0.53
-0.54,-0.50
-0.06,-0.29
-0.22,-0.37
-0.88,-0.88
-0.71,-0.70
-0.27,-0.16
-0.21,-0.06
0.21,0.37
-0.57,-0.52
0.62,0.38
-0.58,-0.63
0.47,0.54
-0.57,-0.42
0.05,0.03
-0.52,-0.68
-0.23,-0.18
-0.68,-0.66
-0.52,-0.41
-0.11,-0.20
0.21,0.32
-0.12,-0.40
-0.56,-0.64
0.22,0.48
-0.41,-0.11
-0.73,-0.55
-0.90,-0.84
-0.85,-0.86
-0.72,-0.57
-0.33,-0.46
-0.93,-0.90
-0.88,-0.83
0.74,0.61
1.00,0.46
-0.72,-0.65
-0.73,-0.72
-0.51,-0.47
-0.30,-0.43
-0.97,-0.81
-0.26,-0.16
-0.83,-0.56
-0.23,-0.22
-0.20,-0.19
0.44,0.49
-0.25,-0.04
0.35,0.48
-0.61,-0.61
0.84,0.51
-0.57,-0.63
-0.05,-0.16
0.09,0.02
-0.64,-0.62
0.01,-0.12
-0.49,-0.54
0.19,0.23
-0.62,-0.27
-0.04,-0.24
-0.73,-0.68
-0.57,-0.51
-0.66,-0.52
-0.28,-0.14
-0.64,-0.64
-0.75,-0.80
-0.72,-0.47
-0.47,-0.61
1.00,0.60
0.00,-0.08
-0.38,-0.47
-0.27,-0.13
-0.41,0.05
0.62,0.74
-0.58,-0.45
-0.67,-0.70
-0.50,-0.47
1.00,0.96
-0.56,-0.33
-0.39,-0.09
-0.71,-0.58
0.59,0.17
0.05,-0.07
-0.39,-0.15
-0.96,-0.91
1.00,0.37
-0.74,-0.57
-0.33,-0.18
-0.71,-0.41
-0.49,-0.39
-0.23,-0.19
-0.83,-0.51
-0.48,-0.32
1.00,0.30
-0.05,0.20
-0.53,-0.30
-0.20,-0.19
-0.07,-0.21
-0.91,-0.77
-0.78,-0.54
-0.24,-0.49
-0.33,-0.08
-0.24,-0.48
0.21,0.25
0.14,-0.22
0.03,0.17
-0.05,-0.02
1.00,0.89
-0.80,-0.67
-0.97,-0.95
1.00,0.79
-0.00,-0.09
-0.58,-0.43
1.00,1.08
0.34,0.69
1.00,0.23
0.65,0.67
-0.72,-0.69
-0.47,-0.57
0.79,0.23
0.21,0.17
0.53,0.27
0.40,-0.06
-0.14,-0.01
-0.31,-0.42
-0.91,-0.86
-0.05,-0.04
0.10,0.30
-0.49,-0.18
0.67,0.74
0.15,0.35
-0.75,-0.76
-0.79,-0.74
-0.68,-0.57
1.00,0.50
-0.67,-0.56
-0.12,-0.07
-0.32,-0.31
0.35,0.14
0.83,0.81
-0.57,-0.29
-0.22,0.10
-0.36,-0.25
-0.31,-0.15
-0.21,-0.13
1.00,1.00
-0.34,-0.56
-0.84,-0.74
-0.67,-0.74
-0.06,-0.20
-0.12,-0.06
-0.38,-0.44
-0.20,0.19
-0.64,-0.71
0.19,0.10
-0.87,-0.68
-0.50,-0.18
-0.65,-0.33
-0.59,-0.53
-0.40,-0.23
-0.84,-0.60
-0.73,-0.86
-0.31,-0.13
0.15,0.56
0.47,0.24
0.87,0.09
0.40,0.54
-0.82,-0.75
-0.71,-0.52
-0.65,-0.56
1.00,0.95
-0.27,-0.18
0.22,0.37
-0.23,0.04
-0.14,0.18
-0.64,-0.59
0.13,0.22
-0.10,0.05
0.18,0.65
1.00,0.90
0.19,0.24
-0.55,-0.37
-0.56,-0.42
-0.43,-0.50
-0.67,-0.65
-0.78,-0.78
0.95,0.41
0.18,0.48
0.52,0.30
-0.56,-0.52
-0.11,-0.07
-0.84,-0.66
-0.95,-0.86
-0.83,-0.78
1.00,0.82
-0.43,-0.40
-0.22,0.09
-0.70,-0.59
-0.40,-0.28
-0.61,-0.54
0.42,0.85
0.01,-0.20
-0.81,-0.64
0.26,0.60
-0.89,-0.93
0.77,0.43
-0.60,-0.68
0.49,0.19
0.09,0.18
0.46,0.35
-0.91,-0.70
-0.77,-0.65
-0.05,-0.05
1.00,0.61
-0.76,-0.68
-0.11,-0.14
-0.71,-0.73
-0.11,-0.24
-0.08,0.24
-0.35,0.13
0.53,0.11
0.57,0.49
0.50,0.55
-0.98,-0.95
0.56,-0.09
-0.70,-0.62
-0.73,-0.74
-0.59,-0.79
-0.65,-0.53
0.38,0.13
-0.70,-0.81
-0.93,-0.62
0.86,0.11
-0.31,-0.38
-0.72,-0.61
-0.93,-0.81
-0.52,-0.60
-0.09,-0.43
-0.80,-0.63
-0.77,-0.77
-0.07,0.01
-0.84,-0.65
1.00,0.53
-0.73,-0.61
0.73,0.49
0.71,0.18
-0.60,-0.52
-0.20,0.06
-0.01,0.06
-0.35,-0.36
1.00,0.33
-0.05,0.18
0.04,0.17
-0.57,-0.52
-0.21,-0.03
0.71,0.30
-0.44,-0.38
1.00,0.90
-0.62,-0.63
-0.14,-0.02
-0.70,-0.85
1.00,0.86
1.00,0.70
0.37,0.38
-0.78,-0.73
-0.26,-0.40
-0.77,-0.58
-0.74,-0.58
0.12,0.43
0.55,0.79
-0.05,-0.65
0.54,0.74
-0.91,-0.49
-0.48,-0.52
-0.36,-0.29
-0.03,0.24
-0.45,-0.12
-0.25,-0.27
-0.22,-0.30
-0.02,0.05
1.00,0.87
-0.50,-0.64
1.00,0.96
-0.70,-0.54
-0.93,-0.73
-0.48,-0.50
-0.05,-0.19
-0.27,-0.46
-0.27,-0.43
0.44,-0.24
-0.16,-0.33
1.00,0.75
-0.44,-0.18
-0.84,-0.59
-0.23,-0.34
0.96,1.00
-0.60,-0.72
0.01,0.17
-0.50,-0.61
-0.91,-0.87
-0.67,-0.61
-0.07,-0.20
-0.95,-0.77
-0.86,-0.69
-0.80,-0.77
1.00,0.18
-0.56,-0.49
-0.35,-0.14
0.08,0.07
-0.52,-0.57
-0.66,-0.60
-0.10,0.14
-0.84,-0.79
0.74,0.47
0.15,-0.17
-0.11,-0.27
-0.24,-0.37
-0.89,-0.71
-0.37,-0.05
-0.45,0.02
-0.47,-0.18
0.87,-0.01
-0.53,-0.75
0.99,0.38
0.08,0.17
1.00,0.91
-0.46,-0.25
0.59,0.76
-0.75,-0.61
-0.28,-0.14
0.42,0.12
-0.57,-0.53
-0.97,-1.01
-0.26,-0.30
0.13,0.25
-0.41,-0.27
-0.09,-0.25
0.03,0.31
-0.72,-0.54
-0.86,-0.54
-0.52,-0.38
0.11,0.09
-0.38,-0.22
-0.84,-0.48
-0.65,-0.64
1.00,0.86
-0.02,-0.04
-0.38,-0.45
0.29,0.26
0.02,0.02
-0.57,-0.54
-0.03,-0.26
0.19,-0.10
-0.50,-0.50
-0.77,-0.66
0.24,0.54
-0.73,-0.69
-0.27,-0.10
-0.19,-0.09
0.80,0.29
0.15,0.19
0.28,0.31
0.01,0.05
0.79,0.75
-0.85,-0.74
0.30,0.35
0.53,0.51
-0.09,-0.27
-0.50,-0.38
1.00,0.77
0.64,-0.13
-0.45,-0.41
-0.64,-0.49
0.56,0.88
-0.47,-0.27
-0.76,-0.68
-0.89,-0.71
-0.76,-0.58
-0.31,-0.09
0.05,0.08
-0.32,-0.34
0.15,0.24
0.64,0.02
-0.40,0.05
-0.27,-0.34
-0.36,-0.43
-0.13,0.14
0.95,0.67
-0.44,-0.36
-0.72,-0.44
0.97,0.67
-0.41,-0.19
-0.75,-0.53
-0.37,-0.31
-0.86,-0.70
0.04,0.00
-0.50,-0.49
-0.38,-0.20
-0.74,-0.84
0.26,0.30
-0.96,-0.96
-0.86,-0.79
-0.06,-0.24
-0.85,-0.69
0.90,0.11
0.78,0.53
1.00,0.67
0.42,0.70
-0.34,-0.27
-0.79,-0.73
0.97,0.50
-0.64,-0.13
0.55,0.53
-0.35,-0.11
-0.42,-0.83
0.55,0.57
0.68,0.43
-0.22,-0.02
-0.27,-0.30
-0.70,-0.13
-0.59,-0.57
-0.57,-0.54
-0.90,-0.94
0.64,0.83
-0.42,-0.71
-0.28,-0.30
-0.41,-0.22
-0.42,-0.27
0.03,0.23
-0.90,-0.81
-0.67,-0.62
-0.42,-0.28
-0.41,0.04
0.30,0.17
-0.74,-0.71
0.08,-0.21
0.17,-0.03
-0.94,-0.95
-0.55,-0.52
0.24,-0.12
-0.36,-0.55
0.54,0.55
-0.47,-0.50
-0.39,-0.31
-0.59,-0.53
-0.11,-0.17
0.21,0.52
-0.17,-0.08
0.68,0.49
-0.92,-0.90
0.21,0.14
-0.15,-0.15
-0.62,-0.55
-0.37,-0.28
-0.44,-0.35
-0.39,-0.36
1.00,0.90
-0.23,-0.42
-0.44,-0.37
-0.31,-0.18
-0.40,-0.45
0.27,0.24
-0.55,-0.38
-0.48,-0.38
-0.50,-0.39
-0.76,-0.60
-0.87,-0.79
0.62,0.60
0.07,-0.05
0.61,0.53
1.00,0.48
-0.12,-0.27
-0.12,-0.12
0.07,0.12
0.36,0.55
-0.31,-0.18
1.00,0.54
0.09,-0.11
-0.61,-0.59
-0.82,-0.81
-0.58,-0.44
-0.48,-0.53
-0.51,-0.45
-0.52,-0.39
-0.74,-0.61
-0.70,-0.58
-0.05,-0.41
-0.95,-0.86
-0.89,-0.77
-0.50,-0.37
0.61,0.08
0.56,0.64
0.26,0.37
-0.84,-0.71
0.26,-0.14
-0.87,-0.88
-0.54,-0.65
0.74,0.65
0.02,0.05
-0.08,0.17
-0.03,0.50
-0.19,0.08
0.84,0.33
-0.48,-0.25
-0.93,-0.88
0.90,-0.06
-0.27,-0.10
-0.79,-0.80
-0.81,-0.80
-0.35,-0.23
-0.20,0.06
-0.75,-0.58
1.00,0.98
0.00,-0.12
-0.66,-0.51
-0.65,-0.43
0.23,0.23
-0.22,-0.24
-0.01,-0.00
0.74,0.63
-0.45,-0.12
-0.16,-0.22
-0.10,-0.21
-0.49,-0.63
-0.73,-0.74
-0.74,-0.65
0.41,0.61
-0.63,-0.60
0.58,-0.18
0.73,0.49
-0.90,-0.89
1.00,0.40
1.00,1.04
0.36,-0.06
-0.18,-0.14
-0.36,-0.07
-0.48,-0.41
-0.47,-0.51
-0.75,-0.57
-0.39,-0.60
-0.21,-0.05
0.49,0.56
0.54,0.37
-0.83,-0.51
-0.38,-0.44
-0.83,-0.52
-0.35,-0.44
-0.26,-0.13
-0.07,0.10
0.43,0.41
0.79,0.45
-0.83,-0.54
1.00,0.96
0.23,0.42
0.86,0.56
-0.18,-0.03
-0.06,-0.13
-0.02,-0.14
-0.48,-0.41
0.88,0.80
-0.15,-0.20
0.27,0.03
-0.11,-0.15
-0.18,-0.10
-0.62,-0.31
-0.30,-0.38
-0.83,-0.81
0.05,-0.12
0.07,-0.11
0.14,0.01
-0.42,-0.65
-0.36,-0.38
0.15,0.13
-0.63,-0.61
-0.97,-0.89
-0.11,-0.20
-0.52,-0.38
-0.40,-0.44
1.00,0.98
-0.65,-0.56
-0.43,-0.33
-0.58,-0.63
-0.74,-0.76
-0.63,-0.57
0.80,0.13
-0.47,-0.36
-0.64,-0.29
-0.58,-0.55
-0.49,-0.45
-0.47,-0.42
-0.42,-0.31
0.28,0.10
-0.64,-0.50
-0.02,-0.09
-0.60,-0.43
-0.80,-0.64
1.00,1.05
-0.32,-0.02
1.00,0.93
-0.60,-0.69
0.30,-0.15
-0.89,-0.85
-0.87,-0.68
-0.91,-0.72
-0.67,-0.60
-0.58,-0.66
0.71,0.51
-0.36,-0.32
0.62,-0.27
-0.46,-0.56
0.10,-0.49
-0.66,-0.81
-0.03,0.04
0.80,0.64
-0.55,-0.32
0.29,0.10
-0.68,-0.75
-0.62,-0.46
1.00,0.61
-0.24,-0.21
-0.24,0.20
-0.70,-0.56
-0.85,-0.72
-0.73,-0.60
-0.13,-0.22
-0.24,-0.35
-0.72,-0.65
-0.47,-0.64
-0.53,-0.22
-0.13,-0.34
-0.19,-0.26
0.73,0.68
0.27,0.22
-0.05,-0.53
-0.63,-0.36
-0.07,-0.45
0.54,0.53
0.39,0.33
-0.46,-0.49
-0.28,-0.18
-0.59,-0.58
-0.46,-0.44
-0.03,0.15
0.17,0.25
-0.11,-0.07
0.04,0.17
-0.73,-0.56
-0.26,-0.22
0.08,-0.62
-0.56,-0.57
-0.45,-0.48
-0.37,-0.46
0.07,-0.25
-0.67,-0.68
0.05,0.13
0.62,0.49
1.00,0.87
-0.99,-0.87
-0.63,-0.50
-0.70,-0.48
0.86,0.60
-0.66,-0.50
0.85,0.41
-0.69,-0.53
-0.62,-0.23
-0.38,-0.33
-0.36,-0.28
-0.60,-0.63
-0.70,-0.66
0.97,0.79
0.01,0.03
-0.93,-0.85
-0.47,-0.25
0.03,0.19
-0.79,-0.76
0.07,0.17
-0.39,-0.24
0.22,-0.19
0.53,0.15
-0.31,-0.33
-0.23,-0.32
-0.40,-0.49
0.20,0.37
-0.20,-0.36
-0.27,-0.51
-0.77,-0.60
-0.86,-0.74
0.49,0.47
-0.79,-0.56
0.25,0.08
-0.73,-0.72
-0.24,0.16
0.09,-0.17
-0.18,-0.31
-0.41,-0.29
-0.09,0.11
-0.36,-0.24
1.00,0.92
0.21,0.30
-0.90,-0.75
1.00,0.57
0.56,-0.59
-0.37,-0.25
-0.04,0.14
-0.38,-0.52
-0.32,-0.21
-0.87,-0.95
-0.79,-0.60
0.10,0.14
0.09,-0.14
0.08,-0.27
-0.29,-0.28
0.28,-0.02
-0.59,-0.41
0.07,-0.24
-0.61,0.31
-0.98,-0.89
-0.49,-0.30
-0.43,-0.37
-0.31,-0.35
-0.73,-0.68
0.02,-0.29
0.60,0.73
-0.54,-0.53
0.99,0.90
-0.34,-0.30
-0.44,-0.24
0.18,0.19
-0.60,-0.53
-0.44,-0.22
-0.91,-0.70
-0.46,-0.74
0.35,0.23
-0.04,-0.26
0.62,0.45
-0.68,-0.61
-0.30,-0.32
-0.50,-0.26
0.04,0.32
-0.61,-0.56
-0.31,-0.26
0.01,-0.42
0.68,0.81
-0.01,0.09
-0.50,-0.21
-0.69,-0.53
0.39,0.60
0.80,0.69
-0.55,-0.12
-0.52,-0.13
-0.40,-0.32
0.23,0.12
-0.97,-1.01
-0.42,-0.34
0.68,0.61
0.93,0.94
-0.60,-0.54
-0.82,-0.88
-0.76,-0.86
0.03,0.22
-0.31,-0.30
-0.32,-0.15
-0.51,-0.50
0.17,-0.23
0.96,0.71
-0.56,-0.63
-0.88,-0.70
-0.87,-0.87
-0.69,-0.53
0.64,0.78
0.99,0.54
-0.29,-0.16
0.36,0.05
-0.85,-0.75
0.40,-0.20
1.00,0.83
0.05,0.29
0.05,0.36
-0.37,-0.27
-0.51,-0.55
-0.71,-0.61
-0.49,-0.46
0.59,0.51
0.20,0.27
-0.07,-0.17
-0.40,-0.68
-0.21,-0.32
-0.57,0.09
-0.51,-0.59
-0.35,-0.06
0.41,0.39
-0.36,-0.20
-0.75,-0.71
-0.43,-0.35
-0.79,-0.72
-0.41,-0.33
-0.02,-0.10
-0.36,-0.26
-0.63,-0.51
-0.42,-0.56
-0.23,-0.44
-0.08,-0.14
-0.22,-0.02
-0.07,0.17
-0.39,-0.28
0.24,0.42
-0.62,-0.61
-0.09,0.26
1.00,0.15
-0.42,-0.66
-0.91,-0.68
0.12,-0.07
-0.67,-0.47
-0.68,-0.75
0.44,0.34
-0.37,-0.34
-0.73,-0.67
0.46,0.42
-0.89,-0.88
-0.33,-0.45
1.00,0.89
0.56,-0.14
1.00,0.09
0.46,0.01
0.20,0.36
-0.65,-0.50
0.61,0.61
-0.02,-0.26
-0.17,0.37
-0.32,-0.40
-0.70,-0.51
0.27,-0.12
-0.53,-0.43
-0.28,-0.49
-0.13,-0.36
0.27,0.02
-0.29,-0.15
-0.67,-0.53
-0.03,0.17
0.01,-0.31
-0.40,-0.51
-0.82,-0.64
-0.87,-0.83
-0.40,-0.20
0.16,0.31
-0.50,-0.59
-0.27,-0.33
-0.49,-0.45
-0.19,0.43
0.16,0.37
0.37,-0.13
-0.58,-0.62
-0.36,-0.03
-0.80,-0.67
-0.69,-0.62
-0.27,-0.38
-0.48,-0.55
0.59,0.23
0.23,0.13
-0.81,-0.42
0.74,0.89
0.56,0.39
0.33,0.21
0.40,0.51
1.00,0.44
-0.11,-0.15
-0.75,-0.64
0.36,0.33
-0.84,-0.75
-0.01,0.17
-0.63,-0.47
0.52,0.31
-0.29,-0.31
-0.39,-0.22
-0.68,-0.67
0.41,0.35
-0.82,-0.67
-0.75,-0.67
0.02,0.08
0.52,0.34
-0.26,-0.11
-0.58,-0.64
-0.56,-0.47
-0.62,-0.70
0.29,-0.16
-0.29,-0.03
-0.10,-0.26
-0.40,-0.32
0.56,0.61
0.53,0.03
0.45,-0.33
1.00,0.26
-0.86,-0.91
0.30,0.46
-0.79,-0.48
-0.93,-0.72
-0.45,-0.35
-0.61,-0.48
-0.57,-0.32
-0.38,-0.32
-0.58,-0.55
-0.03,-0.12
0.87,-0.27
1.00,0.87
0.90,0.79
0.79,0.42
0.47,0.14
0.44,0.37
-0.44,-0.47
-0.73,-0.61
-0.34,-0.38
0.55,0.49
0.04,0.13
-0.86,-0.80
-0.39,-0.36
-0.14,0.10
0.08,0.58
-0.09,0.11
-0.37,-0.31
0.83,0.31
-0.01,0.16
-0.04,0.16
0.36,0.03
0.30,0.42
-0.65,-0.48
0.02,0.06
1.00,0.96
-0.25,-0.06
0.17,-0.04
-0.50,-0.64
-0.22,-0.12
0.03,-0.01
-0.42,-0.48
-0.82,-0.79
0.02,-0.05
-0.19,0.14
0.04,0.27
-0.86,-0.84
-0.49,-0.41
0.50,0.33
-0.76,-0.67
-0.81,-0.68
0.31,0.01
-0.37,-0.07
0.40,-0.07
-0.56,-0.64
1.00,0.82
-0.94,-0.84
-0.24,-0.30
-0.50,-0.38
0.51,0.43
1.00,0.97
1.00,0.86
0.19,0.15
-0.26,-0.27
-1.00,-0.31
-0.68,-0.60
0.77,0.63
0.65,0.58
-0.68,-0.37
-0.04,0.07
-0.05,0.05
0.69,0.05
-0.28,-0.41
-0.20,-0.07
-0.23,-0.32
0.67,0.17
-0.45,-0.57
0.51,0.04
0.36,0.34
-0.82,-0.85
-0.52,-0.49
0.64,0.23
-0.93,-0.67
-0.13,-0.25
-0.08,0.17
1.00,-0.18
-0.18,-0.56
0.03,0.31
-0.26,-0.11
-0.05,0.46
-0.42,-0.38
1.00,0.92
-0.44,-0.37
-0.83,-0.74
-0.58,-0.51
-0.45,-0.76
0.55,0.77
-0.84,-0.76
-0.92,-0.76
-0.00,0.07
-0.26,-0.31
0.48,0.54
0.42,0.18
-0.70,-0.65
0.77,0.47
0.60,0.59
-0.33,-0.25
-0.22,-0.30
1.00,0.97
-0.73,-0.70
0.27,0.29
-0.13,-0.05
0.95,0.57
-0.40,-0.35
-0.57,-0.38
-0.78,-0.39
-0.88,-0.92
-0.01,0.13
-0.82,-0.76
-0.22,0.42
-0.08,-0.29
-0.31,-0.64
-0.24,-0.02
-0.37,-0.22
0.71,0.67
0.29,0.59
0.90,-0.17
-0.91,-0.68
-0.20,-0.17
-0.45,-0.30
-0.38,-0.45
-0.64,0.11
-0.35,-0.34
0.10,0.61
-0.48,-0.15
-0.35,-0.26
0.62,0.27
-0.89,-0.61
0.56,-0.27
-0.65,-0.57
-0.49,-0.56
-0.24,-0.50
-0.39,-0.52
-0.40,-0.69
-0.60,-0.67
-0.88,-0.84
1.00,0.39
-0.38,-0.22
-0.60,-0.45
-0.39,-0.42
-0.86,-0.77
-0.24,-0.17
-0.74,-0.59
0.58,-0.13
1.00,0.92
-0.65,-0.44
-0.18,0.10
0.09,0.26
-0.22,0.01
0.13,0.17
-0.76,-0.65
-0.02,0.14
-0.46,-0.43
-0.50,-0.31
0.18,0.15
-0.28,-0.16
-0.39,-0.49
-0.46,-0.40
-0.59,-0.40
0.31,0.06
-0.22,-0.20
-0.52,-0.61
0.90,-0.50
0.06,0.16
0.49,0.55
-0.01,0.03
-0.44,-0.52
-0.57,-0.26
0.60,0.63
-0.35,-0.23
-0.08,-0.04
-0.37,-0.30
-0.76,-0.27
-0.17,-0.21
0.45,0.14
0.23,0.30
-0.66,-0.70
-0.72,-0.63
0.96,0.82
-0.38,-0.13
-0.78,-0.61
-0.73,-0.63
-0.74,-0.60
-0.42,-0.23
-0.66,-0.56
-0.21,-0.10
1.00,0.51
-0.71,-0.61
1.00,1.01
-0.37,-0.65
-0.82,-0.71
0.46,0.66
-0.28,-0.43
-0.35,-0.29
-0.96,-0.87
-0.68,-0.51
-0.24,-0.30
-0.87,-0.82
-0.84,-0.83
-0.86,-0.71
0.57,0.44
-0.62,-0.38
-0.32,-0.48
-0.05,-0.24
-0.53,-0.22
-0.84,-0.74
0.61,-0.20
-0.97,-0.89
-0.13,-0.13
0.19,-0.10
-0.11,-0.41
1.00,0.77
0.04,-0.05
0.24,0.08
-0.39,-0.59
-0.12,0.08
0.75,0.36
-0.19,-0.47
1.00,0.85
-0.29,-0.07
-0.13,-0.18
-0.62,-0.42
-0.42,-0.24
-0.21,-0.32
-0.26,-0.22
-0.08,-0.27
0.70,0.56
0.32,0.25
-0.50,-0.49
-0.54,-0.47
-0.93,-0.84
-0.76,-0.84
1.00,-0.84
0.28,-0.02
0.58,0.16
-0.17,-0.16
0.10,0.22
-0.14,-0.16
0.36,0.47
-0.43,-0.13
0.02,0.11
-0.19,-0.05
-0.43,-0.51
0.10,0.10
-0.18,-0.07
-0.71,-0.59
-0.53,-0.68
-0.64,-0.68
0.91,0.81
1.00,0.93
-0.95,-0.88
-0.18,0.23
-0.54,-0.00
0.07,0.05
1.00,0.78
-0.63,-0.66
-0.44,-0.54
-0.26,-0.27
0.05,-0.02
-0.74,-0.72
-0.52,-0.42
-0.24,-0.49
1.00,0.92
0.79,0.89
-0.31,-0.30
-0.89,-0.81
-0.58,-0.58
-0.61,-0.53
-0.79,-0.66
-0.25,-0.38
-0.24,-0.25
-0.84,-0.42
0.36,0.14
0.57,0.58
0.28,0.46
0.10,0.04
-0.62,-0.47
-0.06,0.12
0.89,0.75
0.04,-0.10
-0.11,-0.15
-0.79,-0.56
-0.77,-0.77
-0.05,-0.06
-0.39,-0.37
-0.42,-0.08
-0.72,-0.65
-0.37,-0.49
-0.87,-0.93
-0.74,-0.58
-0.06,0.28
-0.76,0.27
-0.75,-0.74
-0.53,-0.46
0.13,0.46
-0.99,-0.89
0.37,0.35
1.00,0.33
-0.86,-0.81
-0.31,-0.39
-0.74,-0.70
-0.03,-0.38
-0.72,-0.62
-0.73,-0.88
-0.68,-0.54
0.16,-0.11
0.10,-0.09
-0.82,-0.74
-0.16,-0.41
-0.66,-0.40
-0.19,-0.10
-0.80,-0.26
0.56,-0.15
-0.36,-0.21
-0.70,-0.90
-0.26,-0.09
0.08,-0.27
0.10,0.22
-0.74,-0.80
0.39,0.54
0.19,0.34
0.51,-0.29
-0.90,-0.85
-0.52,-0.44
-0.40,0.03
0.86,0.94
-0.47,-0.40
0.44,-0.15
0.60,0.46
-0.14,-0.21
0.01,0.02
-0.50,-0.54
0.62,0.29
-0.95,-0.89
-0.08,0.32
0.04,0.21
-0.47,-0.29
-0.45,-0.29
-0.20,-0.13
-0.60,-0.71
-0.41,-0.38
-0.20,-0.04
0.35,0.11
1.00,-0.05
-0.08,-0.06
-0.63,-0.60
-0.63,-0.66
-0.40,-0.45
-0.03,0.06
-0.69,-0.73
1.00,0.68
-0.29,-0.18
-0.74,-0.64
-0.19,-0.21
-0.76,-0.61
-0.26,-0.38
0.09,-0.02
-0.93,-0.78
0.20,0.38
-0.81,-0.75
-0.41,-0.55
-0.63,-0.55
-0.28,-0.22
-0.50,-0.61
-0.46,-0.30
0.43,-0.36
-0.65,-0.74
-0.84,-0.84
-0.41,-0.20
-0.37,-0.61
-0.51,-0.53
-0.76,-0.13
0.76,0.60
0.97,0.36
-0.24,-0.30
-0.03,-0.01
1.00,1.07
-0.76,-0.71
-0.26,-0.24
-0.58,-0.13
-0.75,-0.70
0.37,0.63
-0.22,-0.32
-0.02,0.26
-0.37,-0.17
0.79,-0.15
0.22,-0.25
-0.57,-0.48
-0.28,-0.61
1.00,0.96
-0.67,-0.63
-0.07,-0.65
-0.84,-0.70
-0.21,-0.25
0.33,0.04
-0.32,-0.32
-0.98,-0.93
0.79,0.50
0.58,0.65
-0.48,-0.32
-0.26,-0.21
0.11,-0.07
-0.21,-0.36
-0.39,-0.43
-0.63,-0.54
0.19,0.26
-0.80,-0.61
0.19,-0.38
-0.52,-0.49
-0.42,-0.55
-0.77,-0.67
0.43,0.25
-0.49,-0.18
-0.64,-0.71
-0.13,-0.50
-0.55,-0.59
-0.47,-0.52
0.04,-0.28
0.52,0.03
-0.13,-0.44
-0.65,-0.62
-0.83,-0.67
-0.31,0.21
-0.28,0.14
-0.31,-0.41
-0.96,-0.86
-0.37,-0.48
0.95,0.56
-0.88,-0.78
-0.84,-0.36
-0.58,-0.56
0.01,0.15
-0.39,-0.37
-0.44,-0.32
-0.19,-0.25
-0.58,-0.23
-0.02,-0.10
0.93,0.75
1.00,0.86
-0.09,-0.27
-0.99,-0.85
-0.34,-0.21
-0.32,-0.45
0.10,-0.04
-0.68,-0.61
-0.26,-0.12
0.55,0.59
0.93,0.92
-0.89,-0.88
0.15,0.17
1.00,0.92
-0.17,-0.10
-0.59,-0.55
-0.62,-0.38
0.77,0.68
0.97,0.56
-0.31,-0.27
-0.77,-0.63
-0.59,-0.57
-0.14,-0.53
-0.12,-0.52
-0.18,-0.26
-0.46,-0.23
-0.73,-0.54
0.47,0.17
-0.85,-0.75
-0.33,-0.22
-0.77,-0.68
0.33,0.31
-0.01,0.25
-0.59,-0.39
-0.37,-0.34
-0.52,-0.41
-0.63,-0.60
0.02,0.63
-0.71,-0.50
0.75,0.09
0.56,0.37
-0.52,0.25
-0.55,-0.46
-0.33,-0.36
0.01,0.15
-0.26,-0.08
-0.38,-0.24
-0.68,-0.57
0.29,-0.11
-0.83,-0.71
-0.13,-0.21
0.36,-0.17
0.33,0.40
-0.50,-0.45
0.77,0.64
-0.05,-0.07
-0.86,-0.86
-0.85,-0.90
-0.46,-0.24
-0.50,-0.31
-0.17,-0.40
0.51,0.20
-0.27,-0.54
0.94,0.81
-0.42,-0.25
-0.70,-0.81
-0.64,-0.33
-0.57,-0.43
-0.39,-0.20
-0.87,-0.87
-0.33,-0.40
1.00,-0.21
-0.06,-0.01
-0.92,-0.78
0.56,0.36
0.19,0.35
-0.26,-0.16
-0.81,-0.62
0.73,0.23
0.48,-0.08
-0.87,-0.91
0.44,0.60
-0.70,-0.37
-0.45,-0.71
-0.02,-0.03
-0.26,0.00
0.53,0.42
-0.48,-0.34
-0.28,-0.26
-0.61,-0.46
-0.98,-0.96
-0.36,-0.49
-0.35,-0.42
-0.50,-0.43
0.89,0.74
-0.89,-0.65
0.17,0.36
-0.01,-0.69
-0.45,-0.48
0.27,0.43
-0.84,-0.81
-0.40,-0.64
0.26,0.59
-0.81,-0.63
-0.69,-0.68
-0.38,-0.62
-0.04,-0.01
-0.48,-0.47
-0.19,-0.37
-0.19,0.00
-0.48,-0.54
0.01,0.17
0.11,0.24
-0.56,-0.61
-0.13,-0.12
-0.76,-0.79
-0.52,-0.23
-0.58,-0.54
-0.51,-0.24
0.68,0.08
1.00,0.03
0.22,-0.04
-0.25,-0.38
-0.64,-0.59
-0.09,-0.03
-0.64,-0.29
0.40,0.17
1.00,0.35
-0.41,-0.43
0.47,0.74
-0.51,-0.47
-0.00,-0.01
-0.76,-0.65
-0.17,0.44
1.00,0.60
-0.80,-0.74
-0.21,-0.04
-0.38,-0.25
1.00,0.29
-0.28,-0.14
0.59,0.61
-0.61,-0.42
-0.87,-0.88
0.16,0.35
-0.14,-0.16
-0.98,-0.85
-0.15,-0.07
-0.59,-0.43
-0.23,-0.28
0.72,0.43
0.54,0.04
0.07,0.09
-0.70,-0.48
0.90,0.66
-0.03,0.08
0.56,0.43
-0.55,-0.38
-0.55,-0.44
-0.87,-0.83
-0.25,-0.33
1.00,0.64
-0.64,-0.55
-0.41,-0.03
0.76,0.63
-0.03,0.04
-0.47,-0.58
-0.54,-0.46
-0.67,-0.68
-0.85,-0.69
0.14,-0.20
0.86,0.90
-0.66,-0.59
1.00,0.30
-0.51,-0.17
-0.70,-0.04
1.00,0.91
-0.56,-0.35
-0.64,-0.34
-0.10,-0.20
0.56,-0.22
0.52,0.67
-0.20,-0.11
0.56,0.30
-0.65,-0.87
-0.84,-0.61
-0.91,-0.66
-0.10,-0.18
0.49,0.72
-0.62,-0.61
-0.47,-0.59
-0.57,-0.44
1.00,0.83
-0.26,-0.32
0.00,-0.19
-0.60,-0.42
0.38,0.20
-0.61,-0.42
0.44,0.45
-0.60,-0.46
0.34,0.22
-0.40,-0.30
-0.72,-0.47
0.52,0.20
-0.29,-0.31
0.17,-0.11
-0.16,-0.24
-0.37,-0.54
-0.34,-0.58
-0.94,-0.98
-0.55,-0.48
-0.87,-0.81
-0.66,-0.42
-0.31,-0.52
-0.69,-0.55
-0.64,-0.62
0.51,0.13
-0.39,-0.27
0.39,0.14
-0.32,-0.13
-0.74,-0.67
-0.41,-0.29
-0.59,-0.60
-0.75,-0.74
-0.33,-0.32
0.88,0.82
-0.33,-0.34
-0.02,-0.12
-0.23,-0.23
-0.68,-0.16
-0.52,-0.39
-0.36,-0.32
0.03,0.15
-0.70,-0.46
0.51,0.65
0.03,-0.01
0.25,-0.21
-0.52,-0.41
0.04,-0.46
-0.43,-0.61
-0.43,-0.16
0.21,0.05
0.50,-0.05
0.42,0.48
-0.58,-0.44
-0.83,-0.72
-0.71,-0.69
0.09,0.10
-0.53,-0.26
-0.24,0.03
-0.66,-0.64
-0.87,-0.91
0.09,0.09
-0.72,-0.80
0.60,0.23
0.32,0.42
-0.80,-0.69
-0.01,0.28
0.68,0.24
-0.78,-0.71
0.43,0.52
0.33,0.31
0.65,0.51
-0.40,-0.45
-0.65,-0.37
-0.71,-0.66
-0.29,0.22
-0.43,-0.21
-0.56,-0.47
-0.79,-0.70
0.71,0.20
-0.52,-0.07
-0.44,-0.59
-0.33,-0.34
-0.86,-0.84
-0.50,-0.44
-0.75,-0.68
-0.74,-0.47
0.92,0.33
-0.76,-0.70
-0.09,-0.10
-0.54,-0.67
0.17,0.39
1.00,0.98
-0.47,-0.56
-0.22,-0.28
1.00,0.95
-0.64,-0.48
-0.84,-0.69
-0.33,-0.18
-0.85,-0.63
0.75,0.34
-0.42,-0.18
-0.44,-0.70
-0.87,-0.76
0.64,0.61
-0.20,-0.15
-0.78,-0.72
1.00,0.94
-0.40,-0.42
-0.85,-0.78
0.41,0.56
0.71,0.55
-0.76,-0.25
-0.48,-0.39
-0.41,-0.76
0.48,0.34
1.00,0.69
-0.12,-0.16
-0.50,-0.45
-0.01,-0.03
-0.65,-0.41
-0.26,-0.20
-0.61,-0.62
-0.94,-0.97
1.00,0.94
-0.62,-0.53
-0.63,-0.66
1.00,0.88
0.44,0.19
-0.87,-0.67
-0.45,-0.69
0.17,0.00
-0.70,-0.81
-0.24,0.04
1.00,0.95
0.03,-0.19
0.48,-0.09
-0.02,-0.02
-0.45,-0.63
-0.50,-0.28
-0.77,-0.66
0.54,0.88
-0.26,-0.21
-0.54,-0.69
1.00,0.55
1.00,0.91
-0.48,-0.24
-0.72,-0.68
-0.26,-0.23
-0.25,-0.14
-0.62,-0.54
-0.18,-0.34
1.00,0.47
-0.79,-0.70
0.23,0.34
0.69,0.13
-0.59,-0.62
-0.29,-0.35
-0.61,-0.50
0.98,0.76
0.54,0.57
-0.08,-0.33
-0.38,-0.34
-0.73,-0.84
-0.62,-0.51
-0.01,0.04
0.14,0.66
1.00,0.70
-0.79,-0.54
-0.42,-0.30
-0.60,-0.51
-0.60,-0.53
0.41,0.19
0.30,0.51
-0.21,-0.12
-0.21,-0.20
-0.32,-0.36
-0.08,0.37
0.70,0.48
-0.61,-0.59
-0.18,-0.22
-0.61,-0.46
-0.83,-0.84
-0.26,-0.17
-0.48,-0.19
0.26,0.44
0.07,-0.00
0.76,0.89
-0.04,0.04
-0.50,-0.54
-0.78,-0.63
1.00,0.40
-0.66,-0.69
-0.64,-0.70
-0.27,-0.39
-0.50,-0.19
-0.03,-0.11
-0.50,-0.76
-0.63,-0.12
-0.67,-0.47
-0.45,-0.29
0.94,0.73
-0.63,-0.61
0.06,0.12
-0.67,-0.74
-0.21,-0.06
-0.69,-0.56
-0.93,-0.95
-0.00,-0.05
0.19,0.28
-0.55,-0.60
-0.35,-0.13
-0.34,0.00
0.69,0.50
-0.89,-0.70
-0.25,-0.39
-0.47,-0.43
0.42,0.43
-0.09,0.26
-0.50,-0.57
-0.09,-0.12
-0.23,-0.29
-0.28,-0.42
-0.37,-0.30
-0.76,-0.74
0.69,0.84
-0.83,-0.60
0.00,-0.02
-0.18,-0.40
0.46,0.32
0.24,-0.20
0.22,0.21
0.78,0.47
-0.21,-0.39
-0.35,-0.31
-0.37,-0.32
-0.77,-0.62
-0.48,-0.43
-0.65,-0.50
0.34,0.36
0.61,0.21
-0.38,-0.31
-0.70,-0.49
0.33,0.78
-0.40,-0.23
0.86,0.38
-0.73,-0.60
1.00,0.46
-0.48,-0.53
0.53,0.57
0.04,-0.20
0.20,-0.13
-0.29,-0.08
1.00,1.03
-0.93,-0.75
-0.30,-0.41
-0.75,-0.69
1.00,0.98
0.54,0.56
-0.13,-0.29
-0.16,-0.17
0.08,0.27
-0.51,-0.44
1.00,0.99
-0.28,-0.54
-0.09,-0.09
1.00,0.48
0.42,0.51
0.28,0.55
-0.40,-0.13
-0.50,-0.60
-0.18,-0.36
-0.47,-0.27
0.91,0.89
-0.76,-0.68
0.45,0.33
-0.77,-0.74
-0.52,-0.29
-0.25,-0.43
-0.79,-0.86
-0.50,-0.46
0.96,1.02
0.70,0.27
-0.29,-0.28
-0.86,-0.85
-0.57,-0.37
-0.43,-0.58
0.80,0.46
-0.14,-0.05
0.99,0.87
-0.22,-0.41
-0.53,-0.57
-0.10,0.21
-0.34,0.05
0.27,-0.08
0.17,0.24
-0.36,-0.39
-0.62,-0.37
-0.28,-0.08
-0.27,-0.49
-0.32,-0.29
-0.39,-0.28
-0.72,-0.70
-0.37,-0.06
0.54,0.29
-0.42,-0.51
0.13,0.06
-0.55,-0.41
0.04,-0.22
0.04,0.18
0.05,0.26
0.09,-0.35
-0.93,-0.76
-0.91,-0.86
-0.31,-0.13
-0.71,-0.67
0.54,0.38
-0.22,0.12
-0.68,-0.54
-0.39,-0.64
-0.40,-0.19
-0.65,-0.62
0.52,0.22
-0.57,-0.29
-0.80,-0.79
-0.91,-0.76
-0.26,-0.17
-0.06,-0.30
0.33,0.29
-0.12,-0.28
0.47,0.65
-0.49,-0.31
0.68,-0.25
-0.35,-0.20
0.69,0.19
-0.34,-0.28
-0.79,-0.56
0.41,0.49
-0.57,-0.60
-0.22,-0.29
-0.39,-0.57
-0.59,-0.63
-0.26,-0.18
-0.91,-0.80
-0.45,-0.20
0.09,0.07
-0.05,0.36
-0.07,-0.01
-0.46,-0.42
0.33,0.68
0.40,0.28
-0.20,-0.19
-0.34,-0.05
-0.70,-0.37
-0.64,-0.63
-0.34,-0.58
-0.66,-0.58
1.00,-0.09
-0.47,-0.47
-0.23,0.05
-0.05,0.14
-0.21,-0.35
-0.62,-0.47
-0.30,-0.23
0.19,0.17
-0.20,-0.15
0.16,0.09
0.35,-0.30
1.00,0.79
0.23,0.41
-0.26,-0.23
0.26,0.30
-0.67,-0.83
-0.52,-0.64
-0.76,-0.63
0.33,0.11
0.64,0.27
0.30,0.11
1.00,0.73
-0.33,-0.23
0.64,0.66
1.00,0.63
-0.63,-0.59
-0.43,-0.10
-0.24,-0.08
-0.30,-0.27
-0.40,-0.42
0.05,0.17
0.99,0.33
0.06,-0.08
0.44,0.15
-0.63,-0.13
-0.57,-0.48
-0.64,-0.56
0.99,0.44
-0.26,-0.33
-0.58,-0.26
-0.41,-0.25
-0.81,-0.69
0.10,0.12
0.26,0.08
-0.24,-0.21
-0.51,-0.50
-0.55,-0.65
0.74,0.59
-0.52,-0.37
-0.74,-0.72
-0.98,-0.41
-0.06,-0.35
0.94,0.81
-0.56,-0.45
-0.51,-0.37
0.47,0.54
-0.14,-0.23
1.00,0.85
-0.75,-0.64
-0.81,-0.77
0.36,0.73
-0.63,-0.65
-0.06,-0.34
0.80,0.34
-0.21,-0.06
0.06,-0.12
0.83,0.15
-0.57,-0.21
-0.41,-0.33
-0.52,-0.56
-0.51,0.00
-0.05,0.20
0.45,0.50
-0.35,-0.40
0.96,0.08
0.19,-0.22
-0.09,-0.18
-0.65,-0.73
-0.53,-0.43
-0.70,-0.58
0.03,0.29
-0.57,-0.45
0.09,-0.08
0.34,0.54
-0.21,-0.25
0.18,0.20
-0.45,-0.39
0.32,0.19
0.09,-0.08
-0.53,-0.38
0.27,0.45
0.34,0.41
-0.82,-0.68
0.88,0.55
-0.98,-0.88
-0.33,-0.18
-0.18,-0.16
-0.88,-0.81
0.14,-0.18
-0.44,-0.45
0.25,0.69
-0.91,-0.92
-0.64,-0.72
0.88,0.95
-0.25,-0.20
-0.73,-0.67
-0.45,-0.54
-0.71,-0.65
-0.67,-0.73
0.25,0.18
0.33,-0.00
-0.10,-0.34
-0.93,-0.70
-0.55,-0.34
0.57,0.76
-0.95,-0.86
-0.83,-0.67
0.92,0.41
-0.79,-0.78
-0.56,-0.36
-0.30,-0.30
-0.37,-0.30
-0.38,-0.43
0.63,0.45
-0.36,-0.46
-0.94,-0.87
0.11,0.03
0.50,0.64
0.46,0.62
0.19,-0.20
-0.79,-0.81
-0.33,-0.36
0.28,0.03
-0.53,-0.76
-0.48,0.02
0.21,0.27
0.69,0.48
-0.26,-0.31
-0.62,-0.51
0.43,-0.17
0.43,0.43
-0.31,-0.36
-0.19,-0.02
-0.55,-0.35
-0.09,-0.18
-0.93,-0.84
-0.00,0.06
-0.35,-0.35
-0.72,-0.65
-0.21,-0.16
-0.43,-0.51
-0.37,-0.45
-0.57,-0.59
-0.68,-0.53
-0.42,-0.06
-0.45,-0.45
-0.00,0.21
-0.18,-0.10
-0.24,-0.24
-0.51,-0.39
-0.51,-0.60
-0.32,-0.34
-0.42,-0.26
-0.87,-0.63
0.66,0.41
0.16,0.14
0.07,0.66
-0.15,0.10
-0.89,-0.74
0.90,0.45
-0.40,-0.05
-0.84,-0.76
-0.59,-0.67
-0.66,-0.42
-0.79,-0.65
0.12,0.28
-0.85,-0.86
1.00,0.84
-0.00,-0.05
-0.18,-0.17
0.56,0.46
-0.02,0.24
0.22,-0.39
-0.34,-0.41
-0.73,-0.51
-0.82,-0.66
0.96,0.77
-0.24,-0.05
0.37,0.17
-0.10,-0.24
-0.77,-0.53
-0.57,-0.73
-0.32,-0.25
0.18,0.23
0.18,0.49
0.66,0.29
-0.04,0.13
1.00,0.56
-0.85,-0.84
-0.34,-0.39
0.02,0.09
0.35,0.17
-0.21,-0.41
0.49,0.71
-0.16,-0.01
-0.19,-0.06
-0.48,-0.29
-0.53,-0.83
-0.23,-0.03
-0.18,-0.29
-0.29,-0.25
-0.64,-0.39
-0.75,-0.49
0.28,0.56
0.15,0.32
-0.33,-0.31
1.00,0.84
-0.76,-0.67
-0.61,-0.36
1.00,0.14
-0.78,-0.56
-0.54,-0.60
-0.41,-0.51
0.12,-0.22
0.90,0.06
-0.35,-0.33
-0.43,-0.43
0.23,-0.06
-0.67,-0.74
-0.87,-0.85
0.07,0.09
-0.74,-0.50
-0.19,-0.25
-0.36,0.07
-0.78,-0.76
-0.08,-0.06
-0.20,-0.10
-0.08,0.31
-0.24,-0.09
1.00,1.04
-0.54,-0.68
-0.39,-0.38
-1.00,-0.64
-0.35,-0.21
-0.65,-0.36
-0.20,-0.24
-0.01,0.17
-0.76,-0.60
0.94,0.36
1.00,0.96
0.33,0.72
0.84,0.84
-0.96,-0.85
0.33,0.56
0.94,0.47
-0.29,-0.16
1.00,0.87
-0.60,-0.54
-0.07,0.15
-0.38,-0.29
-0.49,-0.47
-0.55,-0.57
0.85,0.26
-0.20,-0.13
0.22,-0.13
0.85,0.99
-0.67,-0.48
0.46,0.55
-0.46,-0.41
0.39,-0.26
0.78,0.23
-0.64,-0.48
-0.67,-0.42
-0.50,-0.45
-0.56,-0.55
-0.49,-0.47
-0.06,0.38
-0.13,0.12
-0.17,-0.12
-0.47,-0.40
0.30,0.62
0.47,0.07
-0.51,-0.47
0.70,0.86
0.91,0.33
-0.73,-0.60
0.16,0.34
0.52,0.23
-0.31,-0.05
0.76,0.23
-0.10,-0.02
0.78,0.50
-0.62,-0.60
-0.89,-0.67
-0.67,-0.84
-0.51,-0.42
1.00,0.17
-0.41,-0.32
-0.26,-0.25
0.04,-0.15
-0.14,-0.49
-0.20,-0.05
0.79,0.87
-0.79,-0.77
-0.44,-0.35
0.29,-0.12
-0.50,0.05
-0.71,-0.62
-0.02,-0.01
0.09,0.10
0.35,0.03
-0.98,-0.62
-0.69,-0.55
-0.84,-0.67
0.07,0.23
0.30,0.35
0.52,0.50
-0.07,-0.22
0.83,0.45
-0.44,-0.24
0.66,-0.09
0.78,0.56
-0.24,-0.41
0.94,0.88
-0.54,-0.21
-0.44,-0.54
-0.60,-0.66
0.27,-0.30
-0.63,-0.39
-0.08,-0.34
-0.93,-0.72
-0.70,-0.71
-0.78,-0.64
0.46,0.23
-0.49,-0.16
-0.37,-0.04
0.41,-0.05
-0.28,-0.29
-0.88,-0.66
-0.37,-0.36
-0.53,-0.35
-0.75,-0.68
0.36,-0.09
0.09,-0.11
-0.31,-0.32
0.40,0.34
-0.58,-0.58
0.90,0.59
0.03,-0.03
0.19,0.31
-0.56,-0.33
-0.94,-0.98
-0.58,-0.47
-0.39,-0.19
-0.30,-0.28
0.22,0.08
-0.45,-0.24
-0.93,-0.85
0.03,-0.08
-0.34,-0.14
